New standard or amendm,Column,Column,ents,Column,Column,Column,"Effective for
annual periods beginning
on or after",Column,Column
— IFRS 17 Insurance Contr,,,acts,,,,1 January 2023,,
"— Disc
Prac","losure of Acc
tice Stateme","ountin
nt 2",g Polic,ies – Amend,ments to IAS,1 and IFRS,,1 Janu,ary 2023
— Definition of Accountin,,,g Estimates – Amendments to IAS 8,,,,1 January 2023,,
"— Deferred Tax related to
Transaction – Amendme",,,"Assets and Liabilities arising from a Single
nts to IAS 12",,,,1 January 2023,,
— Amendments to IAS 12,,,– International Tax Reform Pillar two model rules,,,,23 May 2023,,
