Valuation of standing timber (fuel trees),Column,Column
"See accounting policy note 3 (d) - Significant accounting policies and disclosure note 18 – Biological
assets",,
The key audit matter,How the matter was addressed in our audit,
"The Company’s biological assets include standing
timber, which is measured at fair value less costs to
sell under IAS 41Agriculture.
Estimating the fair value is a complex process
involving a number of judgments and estimates
regarding various inputs. Due to the nature of the
asset, the valuation technique includes a discounted
cash flow model that uses a number of inputs from
internal sources due to lack of relevant and reliable
observable inputs. Consequently we have
determined valuation of standing timber to be a key
audit matter.","Our audit procedures in this area included,
among others:
— Evaluating the Company’s inputs used in
calculating the estimated cash flows by
comparing with historical performance and
the Company’s plans, as well as our
understanding of the industry and the
economic environment the Company
operates in.
— Evaluating the historical accuracy of the
Company’s assessment of the fair value of
standing timber by comparing previous
forecasts for yields per hectare, timber
prices and harvesting/transportation costs
with actual outcomes and industry forecasts.
— Evaluating the adequacy of the financial
statement disclosures, including disclosures
of key assumptions, judgments and
sensitivities.",
Recognition of deferred tax assets arising from carry-forward tax losses,,
See accounting policy note 3 (f)-Significant accounting policies and disclosure note16–Deferred tax,,
The key audit matter,,How the matter was addressed in our audit
"The Company’s deferred tax liability includes
recognised deferred tax assets arising from carry-
forward tax losses that the Directors believe are
recoverable.
The recoverability of the recognised deferred tax assets
is in part dependent on the Company’s ability to
generate future taxable profits sufficient to utilize the tax
losses before they expire.
We have determined this to be a key audit matter, due to
the inherent uncertainty in forecasting the amount and
timing of future taxable profits.",,"Our audit procedures in this area included,
among others:
— Reconciling tax losses and expiry dates
to the tax statements.
— Assessing the accuracy of forecast
future taxable profits by evaluating
historical forecasting accuracy and
comparing the assumptions with our
own expectations of those assumptions
derived from our knowledge of the
industry and our understanding
obtained during our audit.
— Evaluating the adequacy of financial
statement disclosures."
