Column,Notes,"2012
Shs’million","2011
Shs’million"
"ASSETS
Non-current assets
Property, plant and equipment
Prepaid operating lease rentals
Intangible assets
Investments in subsidiaries
Other equity investments
Loan to subsidiary
Current assets
Inventories
Loan to subsidiary
Trade and other receivables
Cash flow hedge contracts
Corporate tax recoverable
Bank and cash balances
TOTAL ASSETS
EQUITY AND RESERVES
Capital and reserves
Share capital
Revaluation surplus
Fair value reserve
Cash flow hedging reserve
Retained earnings
Total Equity
Non-current liabilities
Deferred tax liability
Provision for liabilities and charges
Current liabilities
Unclaimed dividends
Provision for liabilities and charges
Trade and other payables","15(b)
16
17
18
19(b)
34 (iii)
21
34 (iii)
22(a)
23
12(c)
24
25
26(a)
26(b)
26(d)
27
28
14(a)
28
29","14,935
1
124
968
452
202
16,682
3,537
29
2,197
-
119
7,821
13,703
30,385
1,815
7,880
249
-
13,922
23,866
1,615
556
2,171
23
404
3,921
4,348
30,385","8,585
1
103
968
640
231
10,528
2,916
29
2,614
15
388
6,286
12,248
22,776
1,815
1,756
437
15
13,476
17,499
1,527
536
2,063
29
148
3,037
3,214
22,776"
