Key audit matter,How our audit addressed the audit matter
"Estmation of expected credit losses on loans and
advances at amortised cost
As described in notes 2.7, 3.2, and 5 (a) of
the financial statements, the assumptions
and inputs into the models for estimation of
expected credit losses (ECL) on loans and
advances involves significant judgments by
management.
The key areas where significant judgements are
exercised, and therefore an increased level of
audit focus applied, include.
• The classification of loans and
advances which involves consideration
of qualitative and quantitative
considerations, particularly the
identification of significant increase in
credit risk in accounts and default events.
The classification of loans determines
whether a 12-month or lifetime PD is
applied in the calculation of expected
credit losses; and
• The estimation of exposures at default,
the probabilities of default and the
loss given default for the various credit
exposures, including the amounts and
timing of expected future cash flows.
Changes to the assumptions and estimates
used by management could result in
material variations in the reported financial
performance and financial position of the
Group.","• We evaluated the compliance of the Group’s
accounting policies with the key principles of
IFRS 9 in relation to significant increase in credit
risk, default definition, forecasting of forward
looking macro-economic factors and weighting
of expected loss scenarios.
• For a sample of contracts, we tested the
identification of financial assets that have
experienced significant increase in credit risk
or met the Group’s default definition criteria
for purposes of classification. This was done
through examining documentation and credit
performance to form an independent judgment
as to whether the staging of such facilities
was in line with the Group’s policy and IFRS 9
requirements.
• We tested the accuracy of the computations
of exposures at default, probability of default
and loss given default and evaluated the
reasonableness of the assumptions used in the
computations.
• We tested the reasonableness of management’s
assumptions in deriving the amounts and timing
of expected future cash flows. For secured
facilities, we agreed the collateral values used
in the impairment model to external valuation
reports;
• We tested the historical data used in derivation
of the key model parameters, and how these
had been used to project forward looking
parameters; and
• We evaluated and assessed adequacy of the
related disclosures in the financial statements."
