19. TRADE AND OTHER RECEIVABLES,Column,Column
"As of December 31,","2010
Kshs’000","2009
Kshs’000"
"Trade receivables
Allowance for doubtful debts
Recoverable taxes
Other receivables and prepayments
Total trade and other receivables
Recoverable taxes relate to advance payments for excise duty on petroleum products.","6,847,237
(592,253 )
6,254,984
1,351,333
385,386
7,991,703","8,901,974
(580,448 )
8,321,526
1,998,415
498,593
10,818,534"
"20. RELATED COMPANY BALANCES
(i) Amounts due from related companies In thousand of Kshs",,
"As of December 31,","2010
Kshs’000","2009
Kshs’000"
"Air Total International
Total Uganda Limited
NETCO Management Limited
Fina Congo S.A.R.L
Total Tanzania Limited
Other related companies","1,139,360
211,425
166,643
32,549
471
-","957,037
157,318
336,388
17,880
2
72,160"
,"1,550,448","1,540,785"
"(ii) Amounts due to related companies
Total France
Total Middle East","42,077
39,111","72,915
-"
,"81,188","72,915"
