Column,"SASINI LIMITED AND SUBSIDIARIES
ANNUAL REPORT AND FINANCIAL STATEMENTS
FOR THE YEAR ENDED 30 SEPTEMBER 2010"
"NOTES TO THE FINANCIAL STATEMENTS (continued)
FOR THE YEAR ENDED 30 SEPTEMBER 2010
2. SIGNIFICANT ACCOUNTING POLICIES (continued)
(k) Property, plant & equipment and depreciation (continued)
income to the extent of the decrease previously charged. A decrease in carrying amount arising out
of revaluation is charged as an expense to the extent that it exceeds the balance, if any, held in the
revaluation reserve relating to a previous revaluation of that asset
An annual transfer from the asset revaluation reserve to retained earnings is made for the difference
between depreciation based on the revalued carrying amount of the asset original cost. Additionally,
accumulated depreciation at the revaluation date is eliminated against the gross carrying amount of the
asset and the net amount is restated to the revalued amount of the asset. Upon disposal, any surplus
remaining in the revaluation reserve relating to the particular asset being sold is transferred to retained
earnings.
Revaluations are done every 5 years to ensure that the carrying amount does not differ materially from
that which would be determined using fair value at the end of the reporting period.
No depreciation is provided on freehold land. Work-in-progress is not depreciated until the assets are
completed and brought to use. Other items of property, plant and equipment are depreciated on the
straight line basis to write down the cost or revalued amount of each asset to its residual value over its
estimated useful life as follows;
Buildings and improvements 12-45 years
Plant, machinery and tools 12.5% p.a
Rolling stock 25.0% p.a
Farm implements and trailers 12.5% p.a
Furniture and fittings 12.5% p.a
Computers 33.3% p.a
Useful life, residual values and depreciation methods are reviewed on an annual basis.
An item of property, plant and equipment is de-recognised upon disposal or when no future economic
benefits are expected to arise from the continued use of the asset. Any gain or loss on de-recognition of
the asset (calculated as the difference between the net disposal proceeds and the carrying amount of
the item) is included in the Statement of comprehensive income in the year the item is de-recognised.
The carrying values of the property, plant and equipment are assessed annually and adjusted for
impairment where it is considered necessary.
(l) Intangible assets
An intangible asset arises from the purchases of accounting software. Acquired intangible assets are
measured on initial recognition at cost.
The Group recognises an intangible asset at cost if, and only if, it is probable that the future economic
benefits that are attributable to the asset will flow to the Group and the cost of the asset can be measured
reliably. Following initial recognition, intangible assets are carried at cost less any accumulated
amortisation and any accumulated impairment losses. The useful lives of intangible assets are assessed
to be finite.
The intangible assets are amortised on a straight-line basis over their useful lives (5 years).
(m) Work-in-progress
Work-in-progress represents costs incurred in acquisition/installation of an item of property, plant and
equipment which is not in use. Work-in-progress is not depreciated until the assets are completed and
brought into use but tested for impairment when there is an indicator for impairment.
48",
