Column,Column,Column,"the Financial Statements
he year ended 31 December 2009"
,Not,"es to
For t","the Financial Statements
he year ended 31 December 2009"
"(g) Investment properties
Investment properties are stated at fair value. External valuations are obtained on such a basis as to ensure that
substantially all properties are valued once every five years. In the event of a material change in market conditions between
the valuation date and statement of financial position date an internal valuation is performed and adjustments made to
reflect any material changes in value. Surpluses and deficits arising from changes in fair value are reflected in the profit or
loss for the year.
(h) Operating leases
Leases where a significant portion of the risks and rewards of ownership are retained by the lessor, are classified as
operating leases. Payments made under operating leases are charged to the statement of comprehensive income on
a straight-line basis over the period of the lease.
(i) Impairment
(i) Financial assets
At each statement of financial position date the Group assesses whether there is objective evidence that financial assets
not carried at fair value through profit or loss are impaired. Financial assets are impaired when objective evidence
demonstrates that a loss event has occurred after the initial recognition of the asset, and that the loss event has an
impact on the future cash flows on the asset than can be estimated reliably.
When a decline in the fair value of an available for sale financial asset has been recognised in other comprehensive
income and there is objective evidence that the asset is impaired, the cumulative loss that had been recognised in
other comprehensive income is reclassified from equity to profit or loss for the year as a reclassification adjustment even
though the financial asset has not been derecognised.
The amount of the cumulative loss that is reclassified from equity to profit or loss is the difference between the
acquisition cost (net of any principal repayment and amortisation) and current fair value, less any impairment loss on
that financial asset previously recognised in profit or loss. Impairment losses recognised in profit or loss for an investment in
an equity instrument classified as available for sale cannot be reversed through profit or loss.
If, in a subsequent period, the fair value of a debt instrument classified as available for sale increases and the increase
can be objectively related to an event occurring after the impairment loss was recognised in profit or loss, the
impairment loss is reversed, with the amount of the reversal recognised in profit or loss for
the year.
(ii) Non financial assets
The carrying amounts of the Group’s non-financial assets, inventories and deferred tax assets are reviewed at each
reporting date to determine whether there is any indication of impairment. If any such indication exists then the
asset’s recoverable amount is estimated. An impairment loss is recognised if the carrying amount of an asset or its
cash-generating unit exceeds its recoverable amount. A cash-generating unit is the smallest identifiable asset
group that generates cash flows that largely are independent from other assets and groups. Impairment losses are
recognised in statement of comprehensive income. Impairment losses recognised in respect of cash-generating
units reduce the carrying amount of the other assets in the unit (group of units) on a pro rata basis.
The recoverable amount of an asset or cash-generating unit is the greater of its value in use and its fair value less
costs to sell. In assessing value in use, the estimated future cash flows are discounted to their present value using a
pre-tax discount rate that reflects current market assessments of the time value of money and the risks specific to
the asset. Impairment losses recognised in prior periods are assessed at each reporting date for any indications that
the loss has decreased or no longer exists. An impairment loss is reversed if there has been a change in the
estimates used to determine the recoverable amount. An impairment loss is reversed only to the extent that the
asset’s carrying amount does not exceed the carrying amount that would have been determined, net of depreciation
or amortisation, if no impairment loss had been recognised.
(j) Inventories
Work in progress and manufactured finished goods are valued at production cost including direct production costs (cost of
materials and labour) and an appropriate proportion of production overheads and factory depreciation. The cost of stocks is
based on the weighted average principle.
If the purchase or production cost is higher than net realisable value, stocks are written down to net realisable value. Net
realisable value is the estimated selling price in the ordinary course of business, less the estimated costs of completion and
selling expenses.
33
East African Cables Limited | Annual Report & Financial Statements 2009",,,
