"latoT 000’shSK 801,736,7 )986,861(","914,864,7","- - )005,43( )568,313(","363,526 960,731","234,267","684,288,7"
,"865,47
158,393,7","- - -
- - )005,43( )568,313(","961,01 )186,89(
491,516 057,532",")215,88(
449,058",")449,31(
034,698,7"
"deniateR sgninrae 000’shSK )93 128,722,4 )346,511(
etoN(","871,211,4","000,511 )285,11( )005,43( )568,313(","528,844 -","528,844","650,613,4"
,")016,562(
)498,714(
534,9
324,821","- - -
- - -
285,11
- - -","- 192,49
- 368,811
- -
- 695,22","192,49
368,811
-
695,22",")913,171(
)130,992(
710,12
910,151"
"yrotutatS dnuF 000’shSK )43 806,201,1 )640,35(
etoN(
er m 0 )3 9 -","265,940,1
9",")000,511( - -
- - -","963,661 -
- -","963,661
-","139,001,1
9"
,,,"- -
raey
eht
rof
emocni
evisneherpmoc
raey
eht
rof
tfiorP rehtO",,
