Type,Valuation technique,"Significant
unobservable
inputs","Inter-relationship between
significant unobservable
inputs and fair value
measurement"
"Investment
Property
Level 3
hierarchy","Market approach:
The valuation model uses
prices and other relevant
information generated
by market transactions
involving identical or similar
assets. The fair value is
determined as the price that
would be paid to sell the land
in an orderly transaction to
market participants.","1. Property prices
in the locality.
2. Infrastructure
developments","The estimated fair values
would increase/(decrease);
1. If property prices near the
location of the property
were higher/(lower).
2. With improvements/
(deterioration) in
infrastructure development."
