Column,The risks and their impact,How we are responding
"People
capability","Our people are critical to the success
of our strategy and ensuring we
are able to continuously find better
ways to operate and meet customer
needs.
A shortage of key skills, a failure to
help our people continuously update
their capabilities, the emergence of
new technologies, and/or a fall in
our attractiveness relative to other
leading employers, could impact our
ability to deliver on our strategy and
vision.","• We are investing in our value proposition as
an employer, through new ways of working,
competitive benefits and a focus on culture and
diversity.
• We focus on developing and retaining our people,
including senior management, through targeted
training programs and skill upgrading.
• We are creating flexible and innovative workspaces
to enable stronger collaboration and foster an
innovative culture.
• We are building partnerships with leading
universities to further develop top talent and are
investing in community awareness of potential
future skills shortages.
• We are assessing how new technologies will impact
the future workforce for the regional economies
and our businesses. We are building these changes
into our long-term people development and
capability roadmaps."
"Regulatory
and policy
environment","Regulatory compliance and involvement
in evolving policy discussions are critical
to how we continue to run our business,
and interact with customers.
The banking industry remains
subject to ongoing regulatory and
policy changes. If we are unable to
foresee, advocate for, plan for, and
adapt to regulatory change, this
could negatively impact our ability
to serve customers, and/or our
earnings.","• We allocate a material proportion of our
investment budget to regulatory compliance
and risk prevention initiatives, and engage with
policy makers and communities to advocate for
appropriate regulatory reform.
• We maintain constructive and proactive
relationships with key regulators."
