Key audit matter,How our audit addressed the key audit matter
"(cid:55)he (cid:83)olicies for estimating EC(cid:47) are e(cid:91)(cid:83)lained in notes (cid:21) (cid:11)(cid:77)(cid:12), (cid:22)
(cid:11)a(cid:12) and (cid:23) (cid:11)b(cid:12) of the financial statements(cid:17)
(cid:55)he ke(cid:92) areas where significant (cid:77)udgement has been e(cid:91)ercised
and therefore, an increased level of audit focus applied,
include:
◼ the assumptions applied in deriving the probabilities of
default (PDs), loss given default (LGD) and exposures at
default (cid:11)E(cid:36)D(cid:12) for the various segments(cid:30)
◼ the (cid:77)udgments made to determine the staging of facilities in
line with (cid:44)(cid:41)(cid:53)S (cid:28)(cid:17) (cid:44)n (cid:83)articular, the identification of Significant
Increase in Credit Risk (“SICR”) and Default requires
consideration of quantitative and qualitative criteria. This
is a ke(cid:92) area of (cid:77)udgement as this determines whether a
(cid:20)(cid:21)-month or lifetime (cid:51)D is used(cid:17) S(cid:83)ecific assum(cid:83)tions have
been applied by management in determining the staging,
(cid:51)D and (cid:47)(cid:42)D for certain segments of the loan book(cid:30)
◼ the relevance of forward-looking information used in the
models(cid:30) and
◼ for certain individually assessed loans and advances,
(cid:77)udgement is e(cid:91)ercised in the consideration of quantitative
and qualitative factors, and the mapping of these loans to
external ratings.
Due to the significant im(cid:83)act of management (cid:77)udgments
applied in calculating the ECL, we designated this as a key
audit matter in our audit.","We tested how the banking subsidiaries extract ‘days past due
(DPD)’ applied in classifying the loan book into the three stages
required by IFRS 9. For a sample of loans, we recalculated
the DPD applied in the model. In addition, we assessed the
qualitative information applied by the Group in determining
the appropriate staging.
We obtained an understanding of the basis used to determine
the probabilities of default. We tested the completeness and
accuracy of the historical data used in derivation of PDs and
(cid:47)(cid:42)Ds, and re-calculated the same on a sam(cid:83)le basis(cid:17)
We reviewed the approach used to estimate LGD at each point
during the life of the exposure including time to realisation
and the recovery rate calculations. In addition, for secured
facilities, we agreed the collateral values used in the ECL
model to external valuer reports.
We tested, on a sample basis, the reasonableness of EAD for
both on and off-balance sheet e(cid:91)(cid:83)osures(cid:17)
(cid:41)or forward-looking information, we assessed the
a(cid:83)(cid:83)ro(cid:83)riateness of the model, including assum(cid:83)tions a(cid:83)(cid:83)lied(cid:30)
we corroborated the data using (cid:83)ublicl(cid:92) available information(cid:30)
and assessed the reasonableness of the weightings applied
to different scenarios to re(cid:190)ect the im(cid:83)act of current
developments.
For the loans whose PDs are derived from external ratings, we
discussed with management and reviewed the appropriateness
of their assessment and mapping to external ratings.
(cid:58)e assessed whether the disclosures in the financial
statements on the ke(cid:92) (cid:77)udgements and assum(cid:83)tions were
adequate."
